101,RTI 1 (S0),1
102,RTI 2 (S0),1
103,RTI La 3 (S0),1
104,La Nouvelle Chaîne Ivorienne (S0),1
105,A+ Ivoire (S0),1
106,Life TV(Ivory Coast) (S0),1
107,7 Info (S0),1
8101,Novelas TV (S0),1
8102,TV5Monde Afrique (S0),1
8104,Piwi + (S0),1
8105,Action(France) (S0),1
8106,Canal + Sport France (S0),1
8107,Planète + (S0),1
8108,France 24 Français (S0),1
8109,Ivoire TV Music (S0),1
8110,InfoSport + (S0),1
8111,TFX (S0),1
8112,MTV France (S0),1
8114,Easy TV promo (S0),1
8115,Trace Africa (S0),1
8116,Ushuaïa TV (S0),1
8117,Dorcel TV Africa (S0),1
8118,Africanews Français (S0),1
8119,Zee Magic (S0),1
8120,Nathan + (S0),1
8121,TéléToon + (S0),1
8122,Nollywood TV (S0),1
200,Radio Côte d'Ivoire (S0),2
